mtry,replace,MSE,runtime_training,runtime_prediction
1.0,1.0,1228780723.14325,0.0999999999985448,0.0400000000008731
1.0,0.0,1238565534.92322,0.110000000000582,0.0499999999992724
2.0,1.0,709539229.276321,0.190000000002328,0.0499999999992724
2.0,0.0,709407856.938368,0.150000000001455,0.0299999999988358
3.0,1.0,611517154.218945,0.25,0.0300000000024738
3.0,0.0,603409125.492205,0.18999999999869,0.0499999999992724
4.0,1.0,567165142.468536,0.279999999998836,0.0299999999988358
4.0,0.0,564787774.675434,0.209999999999127,0.0299999999988358
5.0,1.0,552828345.243546,0.419999999998254,0.0400000000008731
5.0,0.0,549121970.908695,0.25,0.0400000000008731
6.0,1.0,527522536.232233,0.389999999999418,0.0299999999988358
6.0,0.0,542594168.316605,0.280000000002474,0.0299999999988358
7.0,1.0,544697332.014674,0.389999999999418,0.0299999999988358
7.0,0.0,560306352.073039,0.299999999999272,0.0499999999992724
8.0,1.0,567143037.297996,0.419999999998254,0.0499999999992724
8.0,0.0,526702116.435184,0.31000000000131,0.0300000000024738
9.0,1.0,536288629.537248,0.459999999999127,0.0400000000008731
9.0,0.0,531180391.720338,0.340000000000146,0.0300000000024738
10.0,1.0,541833841.554532,0.510000000002037,0.0499999999992724
10.0,0.0,535707351.678779,0.380000000001019,0.0499999999992724
11.0,1.0,546692744.179289,0.5,0.0499999999992724
11.0,0.0,537898505.190843,0.409999999999854,0.0299999999988358
12.0,1.0,548237583.160786,0.549999999999272,0.0299999999988358
12.0,0.0,517300387.043766,0.370000000002619,0.0299999999988358
13.0,1.0,534651750.361314,0.590000000000146,0.0300000000024738
13.0,0.0,532495486.884059,0.43999999999869,0.0499999999992724
14.0,1.0,551399917.987548,0.629999999997381,0.0299999999988358
14.0,0.0,530003168.078408,0.469999999997526,0.0299999999988358
15.0,1.0,550886435.737344,0.68999999999869,0.0499999999992724
15.0,0.0,544886717.513211,0.470000000001164,0.0499999999992724
16.0,1.0,542662073.573693,0.690000000002328,0.0499999999992724
16.0,0.0,544808147.58664,0.5,0.0299999999988358
17.0,1.0,532167327.266115,0.700000000000728,0.0299999999988358
17.0,0.0,544995670.856311,0.529999999998836,0.0299999999988358
18.0,1.0,533762004.722121,0.739999999997963,0.0400000000008731
18.0,0.0,545302040.775979,0.559999999997672,0.0299999999988358
19.0,1.0,541748824.199956,0.860000000000582,0.0400000000008731
19.0,0.0,548161792.858378,0.610000000000582,0.0400000000008731
20.0,1.0,536958618.170063,0.830000000001746,0.0400000000008731
20.0,0.0,543947834.759127,0.580000000001746,0.0299999999988358
21.0,1.0,541308755.42889,0.860000000000582,0.0400000000008731
21.0,0.0,532193409.1534,0.620000000002619,0.0300000000024738
22.0,1.0,550832817.883995,0.870000000002619,0.0400000000008731
22.0,0.0,552561987.861648,0.669999999998254,0.0300000000024738
23.0,1.0,549427996.822937,0.970000000001164,0.0400000000008731
23.0,0.0,552540993.40604,0.650000000001455,0.0499999999992724
24.0,1.0,559852977.877683,0.909999999999854,0.0299999999988358
24.0,0.0,566106491.885293,0.720000000001164,0.0400000000008731
25.0,1.0,559563595.981939,0.950000000000728,0.0499999999992724
25.0,0.0,549345846.381153,0.719999999997526,0.0499999999992724
26.0,1.0,559135286.802924,1.02999999999884,0.0499999999992724
26.0,0.0,542369910.237623,0.75,0.0400000000008731
27.0,1.0,552092883.280818,1.11000000000058,0.0299999999988358
27.0,0.0,560426606.400326,0.779999999998836,0.0299999999988358
28.0,1.0,564586453.997843,1.04999999999927,0.0499999999992724
28.0,0.0,566326633.51872,0.779999999998836,0.0400000000008731
29.0,1.0,571661335.132235,1.07999999999811,0.0299999999988358
29.0,0.0,565921025.75169,0.829999999998108,0.0299999999988358
30.0,1.0,559411626.164512,1.11000000000058,0.0499999999992724
30.0,0.0,546467809.937745,0.849999999998545,0.0299999999988358
31.0,1.0,555665872.723715,1.17000000000189,0.0499999999992724
31.0,0.0,556273415.951292,0.850000000002183,0.0300000000024738
32.0,1.0,561461572.048036,1.27000000000044,0.0400000000008731
32.0,0.0,565360372.27604,0.909999999999854,0.0299999999988358
33.0,1.0,562044006.182013,1.31999999999971,0.0499999999992724
33.0,0.0,568022524.457109,0.920000000001892,0.0400000000008731
34.0,1.0,561203134.629135,1.22000000000116,0.0299999999988358
34.0,0.0,570393742.427711,0.93999999999869,0.0299999999988358
35.0,1.0,558069215.060792,1.2599999999984,0.0499999999992724
35.0,0.0,566538157.495702,0.950000000000728,0.0300000000024738
36.0,1.0,563654927.205099,1.29999999999927,0.0499999999992724
36.0,0.0,581380000.878891,0.959999999999127,0.0499999999992724
37.0,1.0,565038828.708207,1.47999999999956,0.0299999999988358
37.0,0.0,560322065.758602,0.950000000000728,0.0499999999992724
38.0,1.0,568155134.864706,1.35999999999694,0.0300000000024738
38.0,0.0,553939480.124611,1.01000000000204,0.0299999999988358
39.0,1.0,582781227.736191,1.54999999999927,0.0499999999992724
39.0,0.0,575979510.583817,1.06000000000131,0.0499999999992724
40.0,1.0,580308907.34205,1.45000000000073,0.0299999999988358
40.0,0.0,572587397.17628,1.11000000000058,0.0499999999992724
41.0,1.0,565173029.374935,1.45000000000073,0.0299999999988358
41.0,0.0,565348251.360055,1.11999999999898,0.0400000000008731
42.0,1.0,585430673.599123,1.58000000000175,0.0400000000008731
42.0,0.0,570058633.74065,1.11000000000058,0.0499999999992724
43.0,1.0,565558422.447161,1.61000000000058,0.0499999999992724
43.0,0.0,583021363.831105,1.09000000000015,0.0400000000008731
44.0,1.0,580219444.472582,1.65000000000146,0.0500000000029104
44.0,0.0,567052014.268853,1.15999999999985,0.0299999999988358
45.0,1.0,566932718.476058,1.81000000000131,0.0499999999992724
45.0,0.0,592498625.296559,1.18000000000029,0.0299999999988358
46.0,1.0,577354450.04954,1.7400000000016,0.0499999999992724
46.0,0.0,560191236.751025,1.17000000000189,0.0300000000024738
47.0,1.0,582048359.503148,1.62000000000262,0.0499999999992724
47.0,0.0,586358643.124543,1.25,0.0400000000008731
48.0,1.0,578101843.694857,1.70000000000073,0.0499999999992724
48.0,0.0,570403317.53411,1.25,0.0299999999988358
49.0,1.0,578488903.363073,2.06000000000131,0.0300000000024738
49.0,0.0,583986057.880675,1.23999999999796,0.0300000000024738
50.0,1.0,586771653.298421,1.86000000000058,0.0300000000024738
50.0,0.0,577204244.178041,1.33000000000175,0.0300000000024738
51.0,1.0,597537094.385067,1.83000000000175,0.0299999999988358
51.0,0.0,579096388.506516,1.47000000000116,0.0499999999992724
52.0,1.0,592502114.568764,2.05999999999767,0.0400000000008731
52.0,0.0,572726006.075668,1.43000000000029,0.0299999999988358
53.0,1.0,588617169.172958,1.81000000000131,0.0499999999992724
53.0,0.0,582730933.194049,1.33000000000175,0.0400000000008731
54.0,1.0,601136810.630643,1.91999999999825,0.0499999999992724
54.0,0.0,584648887.478008,1.32999999999811,0.0499999999992724
55.0,1.0,579973775.146761,1.87999999999738,0.0299999999988358
55.0,0.0,596358478.453889,1.41999999999825,0.0400000000008731
56.0,1.0,589337620.873415,1.88999999999942,0.0299999999988358
56.0,0.0,585808639.258899,1.44000000000233,0.0499999999992724
57.0,1.0,601792029.633492,1.97000000000116,0.0400000000008731
57.0,0.0,583310174.978439,1.45000000000073,0.0499999999992724
58.0,1.0,587280761.112054,2.06999999999971,0.0499999999992724
58.0,0.0,591727419.982415,1.54000000000087,0.0499999999992724
59.0,1.0,596179381.377615,2.11999999999898,0.0499999999992724
59.0,0.0,587977691.030669,1.52000000000044,0.0400000000008731
60.0,1.0,578267760.298285,2.25,0.0299999999988358
60.0,0.0,590044588.908218,1.56999999999971,0.0299999999988358
